{
    "n_types": 4,
    "particle_per_type": 700,
    "attraction_matrix": [
        [
            0.043007847398487106,
            -0.045129351502529384,
            0.032827366147730144,
            0.020205586735205366
        ],
        [
            -0.0017439503332039238,
            -0.0038341359739124878,
            0.004105949621290593,
            -0.027861995565523226
        ],
        [
            -0.024461852848848366,
            0.009661756213015203,
            -0.032248396418069716,
            0.006030330106877577
        ],
        [
            0.030266502518978625,
            0.029522770689286035,
            0.040586498344713826,
            0.04710041859610592
        ]
    ],
    "min_r_matrix": [
        [
            6.502933544931002,
            8.42499142620815,
            9.621752134486495,
            9.955226714805436
        ],
        [
            9.803433952012516,
            6.551113488130351,
            9.956608666609533,
            7.507240940188773
        ],
        [
            6.697509913704964,
            9.093315751245084,
            7.104808937315303,
            9.443265049305195
        ],
        [
            8.967521608452471,
            7.5323347663223,
            6.858270844477459,
            7.077800845268394
        ]
    ],
    "max_r_matrix": [
        [
            91.39508957620972,
            70.60342224307739,
            84.35652779575953,
            -59.20041296234329
        ],
        [
            -90.82424144354862,
            -93.42122155506285,
            -99.82848990829869,
            38.240622624521023
        ],
        [
            -40.08924689542102,
            16.72675692558915,
            67.3471009767654,
            80.76557339295633
        ],
        [
            68.52039270073071,
            0.52702516679561384,
            -23.537318365631847,
            65.5646828104565
        ]
    ],
    "friction": 0.1
}