{
    "n_types": 4,
    "particle_per_type": 500,
    "attraction_matrix": [
        [
            -0.03977897933040885,
            -0.019841317608051134,
            -0.0010672897531005116,
            -0.022180116763896852
        ],
        [
            -0.012829043450942816,
            0.030200586725486922,
            0.005107968523273977,
            -0.033741166576532394
        ],
        [
            -0.009753017163916147,
            -0.028170964839846636,
            0.010577154742723041,
            -0.04127706293837975
        ],
        [
            0.024042025422157123,
            0.011179318391741425,
            0.0317767394944662,
            0.011413763671348241
        ]
    ],
    "min_r_matrix": [
        [
            7.080077914535806,
            7.552939379268608,
            5.922616562702243,
            8.663194089356347
        ],
        [
            5.134219646817353,
            5.212994990908597,
            7.339990236932113,
            8.337164018767783
        ],
        [
            7.098020535791594,
            5.376927441492857,
            7.367257605858959,
            5.793658208292081
        ],
        [
            7.147736383098118,
            8.92391734862872,
            9.439460359456575,
            9.038759906635958
        ]
    ],
    "max_r_matrix": [
        [
            75.7747656670038,
            68.36152022677794,
            -34.990509724513146,
            78.36861582588007
        ],
        [
            30.374727935234453,
            5.653903621127743,
            -44.21151395975162,
            -50.54910907070211
        ],
        [
            -68.23374293367386,
            -35.880721191464815,
            8.697132849777915,
            -18.690122192475904
        ],
        [
            -14.506518641226442,
            75.60114732936999,
            63.16252647701724,
            70.063304533296105
        ]
    ],
    "friction": 0.1
}