{
    "n_types": 13,
    "particle_per_type": 200,
    "attraction_matrix": [
        [
            0.02668098436487762,
            0.01505178257880077,
            0.03236763238339645,
            0.016385206441596786,
            -0.008035904598497935,
            -0.005492454601397523,
            -0.006972740512666678,
            0.04935985802644963,
            0.011024469482967814,
            -0.043724656844548904,
            0.03411377156624461,
            -0.005437043859819725,
            -0.04667702241327674
        ],
        [
            0.009716603161170921,
            -0.0010419319242582353,
            0.01956476811535557,
            -0.0014485692423573254,
            -0.03555517043178583,
            0.04354436830267458,
            0.03222001567248084,
            0.04348555320575244,
            0.02016873592132841,
            0.04036370688728132,
            -0.024250684540275427,
            -0.019378224740833096,
            0.04421176816086918
        ],
        [
            -0.0443377113432755,
            0.0015512447602485518,
            -0.04185359427396375,
            -0.03117017262117814,
            0.022677677886023706,
            -0.04144476782496223,
            0.024228846108979657,
            0.026407901958592314,
            -0.04318475725720697,
            -0.03250927299514757,
            -0.02185117931405134,
            -0.03636617253390123,
            -0.01785950439192796
        ],
        [
            -0.016413476590385556,
            0.03980142580610489,
            -0.03735111538054359,
            -0.049110678180828954,
            0.030645934562153518,
            0.043233629659930675,
            -0.009040041966754508,
            -0.037833093792201206,
            -0.006712386506896116,
            0.028869733231972228,
            0.011884570007476523,
            -0.01797193676308704,
            0.020661400098200527
        ],
        [
            -0.01667789165120094,
            -0.03469166813871023,
            0.041798713337522955,
            0.024113214210422854,
            0.044824745103159966,
            -0.0030951435113836107,
            -0.03488810794691928,
            0.010298111857616588,
            0.018455776877919258,
            0.03787767943760327,
            -0.011507358226988083,
            0.043510138686838826,
            0.010444398615086135
        ],
        [
            -0.035641123239833906,
            -0.029525212735319786,
            -0.0050473986659975364,
            0.0031671614698182346,
            0.044114149539301914,
            0.03099957076946558,
            0.012917065296623342,
            -0.01233939175479433,
            0.017387683723580155,
            -0.03898662011571801,
            -0.02612344059641534,
            0.046324974334323324,
            -0.03793768294670657
        ],
        [
            -0.03907192689426445,
            -0.027003381112552783,
            0.02775603597241247,
            -0.023018594159022854,
            0.029770406965219542,
            0.017299596991093416,
            -0.02792306511873567,
            -0.027126717767355604,
            0.042155164013071,
            -0.02496798619183277,
            0.03420103405756318,
            0.013987502625361775,
            -0.042665088656494404
        ],
        [
            -0.014230027147154455,
            0.036570218761475815,
            -0.005411041643333871,
            -0.027042031616636666,
            0.024335324819142565,
            0.042283625218036566,
            -0.03278286674240023,
            -0.014896384570778347,
            -0.0250617310470889,
            -0.03836508437543526,
            0.016479134280093094,
            -0.02572656477620472,
            0.014808145290803834
        ],
        [
            0.0469902881953113,
            0.0025375146541789656,
            0.02808506041729951,
            0.00664940922359105,
            -0.011236128053400497,
            -0.0006417345034159944,
            0.0018859736183728243,
            -0.026768327063664832,
            0.04655890217099133,
            0.004861545601317366,
            0.039894142318928794,
            -0.02297336335605056,
            0.009088245873298727
        ],
        [
            -0.018681032114018337,
            -0.047886276361521166,
            -0.025245835119581686,
            -0.02166245183802641,
            0.013177170145389383,
            0.03944322794086076,
            0.01907520772637733,
            0.04939843264012582,
            -0.03867331473667123,
            -0.015361782731101913,
            0.03017326704423015,
            0.016120383196423088,
            0.010140913931962245
        ],
        [
            -0.04004896708189182,
            -0.027471883205056516,
            0.03596115781441825,
            -0.011779090197660401,
            0.02676129704094629,
            0.005057925562680962,
            -0.011168973748653478,
            -0.01585459799643344,
            0.0023147618920597787,
            -0.005000156561397219,
            0.010805502948257696,
            -0.013011551165054036,
            -0.008721224604113509
        ],
        [
            -0.04711285134007506,
            0.007395655418492908,
            -0.040262859135762455,
            0.0008426370995456636,
            0.018994675514736326,
            -0.03512748068788849,
            0.017316855779760318,
            0.02107844092552244,
            -0.03805804966241693,
            -0.005418135687506431,
            0.010487257692370897,
            0.029394491421083344,
            -0.034073999567879355
        ],
        [
            0.003119756791896487,
            -0.027071172751244977,
            0.027275624768426973,
            0.03842466665439395,
            0.03114909101207483,
            -0.028126427768913522,
            0.03982549245631506,
            -0.019894450567255452,
            -0.03240642941923193,
            0.03375962218327032,
            -0.0451487795331205,
            -0.032380168271892704,
            -0.03285050649249569
        ]
    ],