{
    "n_types": 4,
    "particle_per_type": 250,
    "attraction_matrix": [
        [
            -0.04593533740803388,
            -0.04705435199919718,
            0.0009957208631373518,
            0.009217974693540076
        ],
        [
            -0.01722118824060414,
            0.0022118328322874095,
            -0.018176869244097615,
            -0.033723120600277656
        ],
        [
            0.006306081119000474,
            -0.043586476865372925,
            0.0013179093112634654,
            -0.0031411108127900045
        ],
        [
            0.02536804119194598,
            -0.04814345306139493,
            0.02213314580181877,
            0.023727302561833946
        ]
    ],
    "min_r_matrix": [
        [
            6.528379751954998,
            5.893393889628571,
            8.685182394102631,
            8.36402278652243
        ],
        [
            7.661546148298891,
            5.55220427875019,
            8.812734195245493,
            8.376473123469259
        ],
        [
            5.699810491449412,
            9.774736895515093,
            6.957273741989562,
            5.822929363274827
        ],
        [
            9.067622952302835,
            8.645617254596398,
            8.824922973340501,
            8.521038773772907
        ]
    ],
    "max_r_matrix": [
        [
            21.297692767130645,
            82.12628956628414,
            65.64495938894137,
            18.999470487835701
        ],
        [
            -65.68641298681932,
            -50.83520505451917,
            -45.29383571606318,
            -55.91007970969741
        ],
        [
            20.27111122182559,
            78.468319074407376,
            -52.644453035491185,
            -55.18024095356219
        ],
        [
            78.68405077952303,
            92.82219672878163,
            -89.52079175451487,
            -95.48713226939139
        ]
    ],
    "friction": 0.1
}