{"n_types":13,"particle_per_type":200,"attraction_matrix":[[0.1773162030644997,-0.1843413418049713,-0.07545146687268733,-0.07328451320365947,0.08068045008030156,0.4142051259846873,0.38955951030645775,0.4641553659133175,0.3796019043330525,-0.3350614519188464,-0.13450314276139297,0.14782857593048448,0.4935651505945351],[0.02373760442475703,0.1256577879938976,0.3537839299531087,0.23315634274429176,0.38646564832286034,0.4066193691667854,0.11280580985244026,-0.3817078624543384,-0.0558692232024216,-0.08372736046044693,-0.4288699509226017,-0.2103809495803921,0.015053624027646206],[-0.03684068916976768,0.2948150868118644,0.4090704275437709,0.4284149955937304,0.3394978778967077,-0.37167907007457557,0.13760462910066518,-0.40336249768287913,0.2770751689114441,0.04041965833589778,0.394905203204865,0.059788040695301525,0.1442500214480691],[-0.05068138124873123,-0.055404830505981995,-0.43671762159757566,-0.46908427684102816,0.14600541959139735,0.4089874722129849,0.38406618005577675,-0.28033075372545824,-0.2625295018788587,-0.08983313730757847,-0.28615571838333365,-0.2524619132358672,0.26932624104786185],[-0.4860739689890474,-0.29413137132155365,-0.32259319916811346,-0.4921192583220684,-0.29787178116985924,0.27866770498938354,-0.22966533423639413,0.0558665173691586,-0.4006606606934535,-0.13799830617003095,-0.1829036857785269,-0.19345824969005077,0.3081649056386153],[0.2769255460171973,0.3210890312850798,-0.24640852003970415,0.2638624721109917,-0.04471941248691502,0.4951068028569463,0.49711066851624874,0.36104253709146916,0.13370767392684413,0.4971074269645297,0.278101576526532,0.23975817709192948,-0.3785918979950993],[-0.4780923952720477,0.08670787095091415,-0.3780141832231194,0.2282008291809483,0.14432277881417743,-0.04615827632751879,0.11640908614230061,-0.4634706983913981,-0.1570116928792169,0.03291898675123295,0.4975425217207665,-0.025327928637908226,0.05658188215629689],[0.436071651370032,0.2265552673990241,-0.19579573439845688,0.11284792243671227,0.262171233862458,0.39393444507345365,0.4483033791874087,-0.41458265898480895,0.388482025762412,-0.1668721031526046,-0.050715889589562524,-0.0073045051135480765,-0.3217557673947997],[-0.011206515372592651,-0.17779657499578438,-0.3709800485697352,0.12859653660139392,0.39029547177625656,-0.16738609997253917,-0.4352544308418196,-0.19371642549557122,-0.3272482571164894,0.1526262765616513,0.431471679819043,0.45080468940292917,0.2867393207497695],[-0.22985368988600374,0.17900385909163985,-0.28116494064740416,0.2564706020413299,-0.3552726407700342,-0.12184338085002366,-0.32347416160696896,-0.38105144858500783,-0.3141124842937464,0.4780441470872958,-0.17799392477189513,0.1384846346991062,-0.22080193940475934],[0.15431985152086525,0.01770729801202786,0.46229349109902884,-0.3750028135145236,-0.15301701806758095,-0.429937989947496,-0.4941345360591569,0.273076938435481,-0.3484727311888409,0.2635656759443077,-0.060698220711199236,-0.4583877619451593,-0.03220528724886651],[0.1365812653577425,0.322300644979326,-0.498075736368929,-0.04694734704822734,-0.3689288015956502,-0.022024090775805805,-0.4197138336759625,0.17500110179352069,0.3307735379180108,0.26104733580802253,-0.4745565553103095,0.25500692683675363,-0.01583495135171975],[0.2246628631988774,0.39593812829908925,0.3395083608031102,0.47475385881087173,-0.022011375030116298,-0.22118675165188173,-0.44013888872045914,-0.13251367965548178,-0.11486858370209885,0.4283589553559548,-0.269225977121319,-0.39521242286192293,0.1982558530291767]],"min_r_matrix":[[8.98378151627518,7.741385445163745,6.33213870717278,7.438418371320468,7.55551839323873,9.613916039031626,9.645417635568801,9.14596712817995,9.955261583950033,9.985389186694514,5.782499680720667,6.835700515359642,8.874733341110064],[8.651616190986406,9.243333409309024,5.579438340043663,5.991036331242462,7.007202151826991,8.139023311174737,8.2029598289047,7.981821950683414,8.166058587553007,6.924090178078242,7.600232444684718,7.811973109269314,5.444076891892108],[5.853340204352518,9.259650252622524,6.254005697051882,9.92918202602388,6.565597161538463,8.989446852736062,6.400356764982007,5.340044159049832,7.920218866448941,9.670331916441281,8.98864921105522,7.116900347834042,6.128451064846678],[5.7431892421278,8.125766618731621,6.520242247952366,9.217991131028832,9.880308276448714,6.604367277267649,7.351000994830583,5.7098188136734525,9.524074375925245,7.173093613701021,8.647433464256409,9.387283407084452,7.2415680338167725],[6.498321581204168,5.2940696342712945,6.822880722118628,6.100890307523242,5.377492721362648,8.615839249179459,5.911804498481105,6.2632252848230525,7.601838882125067,6.609085938903888,8.250315986761422,6.457749587224777,8.071076894505627],[8.76283723529476,8.970055603964415,7.781765492243749,8.459136482149244,7.73141378889868,7.553167889695713,8.478533841987664,7.5406136795918375,6.2162622136752965,8.288759767820682,8.007840090647468,6.781300736443166,8.53433508862459],[9.920402902977692,7.508484531541037,5.430296200549476,8.116866765198514,9.600799152395417,8.261166527593112,7.747355156938622,8.897782426308357,8.054437139186994,7.901602164675705,5.909520019258463,5.725356653877811,5.552678066530975],[8.486731681134486,6.2457093141881055,6.973620139422874,7.974278010471625,9.367799464021575,7.447672090223769,9.748612537619065,5.434128648798124,9.15593141038558,5.4615950330516725,5.924489313645958,8.083630876098063,5.157478997669163],[7.692352410750885,8.750029763577457,6.178334497681698,6.786916537638971,7.973793684247994,9.15150144658896,9.875429253229136,5.481847129668771,6.596936698422042,9.987384520653288,8.66967163454814,8.294587266482168,7.593699497712386],[8.502038189424937,5.443640331810423,8.200063988604294,8.521165286115831,8.138646250696635,9.171187212366306,9.976119331439673,7.217969685599176,5.354102191210026,5.28321435905751,9.55199808658843,7.813239318310638,8.295726638213024],[5.434876193962058,6.088318791910706,6.869042536748486,8.029141222001698,9.974585309182661,8.921750417350086,9.8277499253699,8.026062207872844,8.320363435836999,5.676715705789878,5.6936527595454045,7.296832754100844,5.4617127671969365],[5.529523511699813,5.128564570062445,7.834414721947843,5.704386979514288,8.72874540439874,8.044547006215332,5.4088788183948235,6.888544011400642,6.823826645266362,6.158280826634572,7.801727537637376,9.893830991359302,7.025786075457233],[7.617574263740838,6.460313290584524,7.123482204282444,9.667220368555,7.816714094657222,5.536491597496381,8.788395764596176,6.858301736149654,5.768526422500572,7.631320525544849,5.581045014499907,9.809923991642151,7.553927854749703]],