{"n_types":3,"particle_per_type":250,"attraction_matrix":[[0.4105795023509833,-0.4777510336464661,-0.4726712556337427],[-0.18120838848200305,0.2541193282525618,0.35647923625291855],[0.4693284412636409,-0.01092861253800681,-0.025627285150713552]],"min_r_matrix":[[9.755874053414669,5.051322829007649,7.999713368752026],[6.845299855377517,5.402507099091333,9.772787244168011],[9.756028465149882,8.546618449776773,7.66846270724223]],"max_r_matrix":[[-32.98443843983101,79.6378381742945,-3.1451936525201916],[-52.65455597717575,31.647667742601897,-92.82471919062168],[75.10235890374736,-2.7727296902333904,-19.53845529538971]],"friction":0.1}